,id,name
0,8af70968-0814-4b2c-a20e-8f18ea0d4d55,دیزی بهار
1,bb13c4c0-8887-4560-bd2d-2022ddbda1db,سید جلال
2,fff5d12c-e6a0-499f-90ed-5903f773aa71,ونیز (سهروردی)
3,31a5e115-b6eb-4a42-9517-f69f5c6ef386,گاراژ برگر
4,717e212c-2993-4cb2-a5ca-e216a597b4fc,ضیافت
5,2f8492fd-6d3b-4bf2-9a60-c24c122094de,کبابی بهار
6,d49cb3be-43a6-44b5-b70e-eb6529efe6e0,وانیا
7,715ba562-741c-4a46-8a7b-b0993ef47600,پانوس پیتزریا
8,09a710a9-bc8a-4a57-9bd9-0a28d63e6145,گل صورتی
9,4eb435cc-0fa6-4523-89f6-48c2bc33e373,طریقت
10,9a5051df-3d28-4773-ad0e-e771b00533da,بابانوروز
11,eb04147d-3fe1-82db-e1d9-4d270781bff3,باغ صبا (شریعتی)
12,bc9364d7-0f69-46b7-97a7-616b7167ce24,برازا (مطهری)
13,3598bd35-ead6-4091-a58d-2550a4d4b7cc,ماچی
14,75f9d6a2-4a8a-4e4e-b190-ecc544d4277b,فضلی (سهروردی)
15,97380d35-e265-4ce0-8384-cd0beafaafdf,خانه بهار
16,acd162ab-02a9-442d-be62-c32032cb6c6c,بناک
17,a5ecf4d6-8ba5-4015-96b0-92bf8fb41ebd,کالج برگر
18,badc22a8-0718-4a8c-8d4b-cc8e3a196738,هور خانه فرهنگ و غذا
19,31b10400-a12e-45e4-8302-33d4c45808d6,سنترال
20,7f67f37b-2962-4ed7-b42d-202c5aa4ceaf,ریسترتو
21,822cc873-1acb-4455-bddb-56aff1d4dc7e,بندر
22,2b9fe0f8-11c8-433b-989d-a708cef4555e,پلو خورش (سهروردی)
23,95e54615-6341-4268-9059-7d8b4e351d6d,رستوران سنتی سیاوش
24,0a0259f6-49cb-46b6-b109-a2990e66a5ff,راینو (هفت تیر)
25,6fda3876-cc9a-4b1b-afe5-558603024317,فراموشی
26,9df3e628-f0da-4118-94c1-f0796a053f19,وانتد
27,73792de5-8020-4cf1-9324-a40e75fb35f9,هیزمیکس (مفتح)
28,eb18b8e7-1d49-4974-bdf6-114924689c29,آلن برگر
29,6e13e4e4-82bc-44a7-b581-c9b061d6601c,لتو
30,26a77b3f-59c3-3dc9-7d1e-a8e03cd10a0f,لانه کبوتر
31,44646e88-9121-49d0-84ea-3871d71b5a5f,ناک
32,d2c7f4e1-396a-431a-9211-b00b41e01699,تی اف سی (مفتح)
33,36ce20bf-a53b-4d74-a382-c7cc599e297c,تهران مرغ سوخاری (هفت تیر)
34,375aba17-09df-4930-8e8e-34f5269d6290,گلزار
35,1973cf77-1b69-4466-9aff-e1e208c60cc6,بورانی
36,7bef0f2a-b129-436b-a8e2-ce4d2183f0a6,بارن
37,2cbe359b-ecbb-4b6b-affe-2f2a945f3ded,قیمه قورمه
38,ad4ff950-965e-45bc-8937-abfd911fcb94,اُ اینو (سهروردی)
39,f9b0c12a-4e2d-4a48-9e61-b4a5c7509841,عرش
40,29256174-0a92-4900-b6a0-719e5139f025,ساندویچی امیر
41,41575ac6-2bbd-4667-aedf-f5493ff6797d,فرش وی (برج میلاد)
42,bca698ac-621e-4ccc-9b35-6197cd82ce46,مرغابی زیبا (مطهری)
43,9ff06932-5bc7-48ad-adfe-8210452d495d,گردن برگر
44,e5287188-ad81-482f-a4ea-1707227f995f,سهروردی
45,b8533f8a-04b6-4bbc-8ad0-4c6332353584,وان
46,7386faf4-e261-4464-9d07-1509d2f81353,برکت
47,fff60b30-c106-4a40-a4d7-2d9101503e91,نچرال برگر
48,4cd73e28-f691-4f13-926b-16fc9f27be97,آرمن یا
49,72a387e6-9e42-4d4a-9748-d8fc7609a34b,ژوزف (مطهری)
50,54663f50-9496-4949-8d22-e067571686d2,چنتا
51,14557585-4d78-4994-8418-11b141e966b2,رام بیسترو
52,77f7a8ad-9e4e-4f62-ab9f-2882957dc1e2,پله (هفت تیر)
53,7221e40c-44ae-46a5-9d3b-6187d970c891,پله
54,b3dd26b8-1ce6-4df6-95e9-e789b2236bed,هرمان
55,cddf7b1b-9890-4775-8cfb-96945e7eabee,چیزفود
56,d2e1974b-4ae0-4483-ac31-3888f2f8ef5e,محمود (امجدیه)
57,51001779-210f-4cc2-8585-f1cd34e2b68e,سی نود
58,d0f58ac6-e5b7-4ed5-bb9b-19c92f21c094,برد
59,f84e3b6f-4c6e-4836-85f1-ab4f10f1c608,برد (مطهری)
60,8656b704-308b-b6b1-b820-185088e15244,چینگاری
61,7053aab9-d86e-466c-b24e-1865fc492196,محمود
62,d70ef637-2839-4581-ad05-f324812d81b6,پیتزا مهدی
63,795b6dd7-50a6-43b3-a683-f5650050c67b,آرزو
64,47570574-6b22-47dd-bc9d-def4c46e2cfd,حیاط ستاره
65,ede54d92-a326-4694-87cd-62a7599aaed6,موسیو یقو
66,e5f56a7a-b5a0-46d2-9a4a-aa6bd09900d5,مجموعه آرمن
67,2e4015a0-87d7-47ba-b377-2f5763b69330,کبابخانه موسوی
68,86023337-3d00-411a-958a-e1e3564a175a,پارادیزو (مطهری)
69,290fe684-d34b-4749-8849-fc1ff589cdc4,برگر باشی
70,d78f55b1-b9cc-4153-aca4-1e722e628ae1,رام
71,bd8832d7-eae7-4272-a6de-b5b1f99274ac,مستر دیزی (هفت تیر)
72,55f5fd1d-2994-4323-87e1-7b2c320c6c7d,آرمنیا
73,f82a54a4-6a35-4a23-88a6-c4122db07819,اغذیه حلال (کریمخان)
74,845929ca-e479-471b-9f41-7b78f48c8563,سرزمین سوخاری (مطهری)
75,27b2ded3-f04b-48db-82f3-780f7d7465ec,سون استاپ
76,41b74154-65c3-4fe3-ad62-639f74b0069f,پیتزا تام 
77,a04f62fb-6075-48a4-a377-fd096a27fe5d,پیتزا تام (سمیه)
78,0bda6116-e9bb-4fd5-8474-294bce1d0fb9,مرغ سوخاری دی(مطهری)
79,ccc50254-b2ac-4727-8027-278969f4a74a,کبابسرای ایرانیان
80,8e59f1ce-7a62-edfa-2f9c-5919bcdcf96e,سلین
81,ed168630-77c1-4036-84fa-b01bf62cb207,تندور
82,5b2c07e2-224c-4440-81dc-488d0925ed91,ملودی
83,aafefdee-7268-4fc7-9770-6929c3dcc2b7,ایروان
84,6c9ce16c-a424-478b-a8e8-52c88b54682a,عمارت ماهور
85,00332a00-6617-4709-926d-ed19477deb08,فست فود چوپی
86,ba813bc2-f182-457f-9dfd-2a336a73088f,مارول 
87,86615081-eb82-4abb-be95-b44d76c34ba4,دلین
88,8344b268-91cd-455b-817b-a5740bfaa1b6,هفت (هفت تیر)
89,4b0802c1-1210-23d1-9a82-cfd779b43e06,سپیدگاه
90,bdc7f0fe-2746-4099-89a1-a21986d23d89,گریفین
91,f27bbf64-03d3-4c49-a5ee-5fb6e6d6271d,کات
92,d2b8fb63-1cae-40c2-952a-64769f5e9187,چای (هفت تیر)
93,6ddfbcd7-4a36-4ecf-96e7-1608f64e21bb,هیزمیکس (خردمند)
94,ea19ff21-038b-4ea7-a7d8-3f1e80b3f51e,بارون
95,fd56f5a9-4cf4-416e-943b-dd3b3a95061e,اتفاق
96,430c7852-c11b-402e-b669-df65da1af98b,رایا
97,f107056f-e771-4ca6-8aa2-79be77ce3662,بازدید
98,a81cc038-7a52-4e7b-9047-c47edad7444d,نوبری2
99,9621a5c9-2e69-4553-82ee-6d530c0dc389,غنچه
100,004d5257-d74f-4a17-9701-460ecf2a6b88,پاشا
101,0c9a91b5-88c1-44fb-84f3-291f5c445ddd,دریمر
102,7667980b-3d25-4160-ae99-2f7649c363c7,واحه
103,f177cceb-ab18-478c-a8da-f1bdc852484a,لینت
104,d6f7ea8d-ea74-43a5-8415-dd103c0e1f01,بلک باکس
105,053bc531-eea5-4d52-99a6-c4789226b4cf,گالری ایرانشهر
106,e8f99c1f-2e34-4464-8baf-f56c3c7c41df,کاپری
107,19f0a9e6-c2fe-4ea7-b92c-9944440f4c2f,کاربن
108,1b24975e-73ed-43af-bfd0-57b06d578a59,گوشه
109,647a4274-3f86-458d-9561-c6d8b2f8792e,بادبادک
110,475f9e3a-18af-4d9c-5e7d-be238cce4fc2,آلبالو سیاه
111,722dcf64-3a35-4779-983e-9678b2d60b32,حوض کاشی
112,802f5273-7f40-4781-b3e0-a7ae8810f04f,کاخ (مطهری)
113,82d94d81-9172-41ed-999a-831916e71e2b,کفیشه
114,05ee6d76-f49c-44cd-8bcc-a6c78c1cd7da,دیپلمات
115,265cc5dd-79c9-43db-a69e-0414e2cbf903,تهیه غذای پارسی
116,746007ed-eb32-453b-b84e-572fffde14c2,بلینسکی
117,156c2c0e-4635-42d6-973e-8d657738710c,رئیس (جم)
118,68e764da-9578-4279-bf07-c50acb9cd05f,باماهاس(کریمخان)
119,a1870915-dce1-4529-b841-2e11ccb2905e,ایست
120,86ffe762-5b6a-4404-9241-cf9a47934cc8,کلاور
121,43b95152-dd00-4894-9c5e-2d77fb691310,مستقل
122,d65e9594-d7d1-4a67-ac38-d19657528835,چف
123,71cbc4eb-1b38-418d-b63b-86a78e44c49b,آلندا
124,f4a194f5-362e-4c16-84fe-d5c5f9d01001,ماهور
125,da25c38e-a253-108c-c695-81a68cbd52f0,خانه هنرمندان
126,3ac8ea6f-c98b-480d-91ce-84c565295778,راک (سمیه)
127,72e47b73-bc17-4d34-a5d1-647ab1b9f540,برانچ تو
128,734c9a22-5dc1-4acc-9fa0-e7773e41e347,دیگ و دلبر
129,8c423af9-8f6d-4304-8590-1606fa2b45b6,نزدیک کتاب
130,3e376d50-d5b7-40a9-819c-d875cb725a1e,هفت خوان شاندیز
131,1376667a-81d0-4e3f-a84f-21ce0f047185,پنتری(قائم مقام)
132,510f360f-29e6-4577-9f99-b1337a433d7d,روحی (کریمخان)
133,5945cbc4-209a-4e43-9d05-2d522378d9be,گذر
134,a638df49-0ebf-4273-a3a0-e67f16c7ee1c,انقلاب
135,dcb3cd66-5f12-4618-9f6d-18d7bed9a443,برادران محمدزاده
136,82215db5-7e7a-401e-b5a9-5bd9fd0eaff2,سفره خانه سنتی کریمخان
137,a9ac8a1e-bd0f-4c39-98ae-274a06e96986,پیتزا ادبرت
138,3f60e351-e401-4e43-8b96-8d452cdc7d93,طهرون (ایرانشهر)
139,1277462f-28e7-4989-ba3e-f3184b998187,طهرون (ایرانشهر)
140,22f264c1-9371-4302-8130-ff9dac8541d9,تایپ
141,22c937bd-fdc7-4309-ab91-8ca5419b7ca8,سوخاری طلایی
142,2c14649a-98c3-40fa-8eeb-3a419fce159c,قجری
143,4d12d9df-45a8-419a-9f4c-2902fc1a22f0,اغذیه کوروش
144,4c3a29a1-0bab-46f7-8302-ccf97ccab2f5,تبلیغات
145,63323444-db54-45c3-a9a9-df6910039d03,کایوتی
146,1d6fc832-5ee5-482d-9265-f13ab294c012,پیچ شمران
147,aa4f321d-54c4-4c11-83be-bf221c3a8865,مهربان
148,dfcf60f0-7a2a-f04d-cdf4-3c691ee413db,دیزی سرا ایرانشهر
149,5a9c4323-abe0-49ed-b3e4-d7e03bb5e5a3,اغذیه بهار
150,14d7f7ec-5f98-441b-b74c-139419f429ca,تراس ایده
151,47d98d07-a310-4416-9744-c1bec1de56e1,آپ آرت مان
152,def0d19d-068a-47d5-9425-7ef3fc60700b,مزه (سهروردی)
153,aa8a5d16-6329-4251-9b20-ea3f20a13e66,هرما
154,84c86aca-6ad0-4be4-adf6-d22c262b8adf,پیروک
155,d4d31aa7-a5da-47b9-afc0-968d40c58516,سام کافه (سنایی)
156,4f4e24e5-350c-42e1-9ab7-a2b1d609d115,سهند
157,2e8540ac-03ad-43df-9fba-b60300ec7eaa,قناری
158,579f88f2-2d41-4c87-83da-46b6d2e42ee7,پریسکا
159,f2fe142e-0372-4c8a-8cdc-576935bca4d8,ایران ایتالیا (سهروردی)
160,792940e1-04e9-498b-a4d5-af743a90924f,رویال گلکسی
161,4cb8a4c4-2941-4e90-83d2-f5522a6b6aae,پامچال (هفت تیر)
162,58c10a11-8fc4-4485-9eb7-050a95de552d,نیکو
163,38d66985-4530-4ac2-9ff2-d1a79fad1057,ب لین
164,8123d035-c047-4c03-8bb7-37dd44136c53,ولگا
165,2fb7ac25-26b2-41a3-825a-7bd831739a5a,کوچه (موکا سابق)
166,215cd971-703e-46c4-9040-aa1aa64298a5,خانه تست
167,e1a1c98a-6887-4dc8-936f-036c23e98d4b,یانکی
168,2252bc78-55ad-4042-9966-c30182d62b62,مجلسی
169,d7fe8d2d-15a4-4556-aaea-fe583d7766ee,ایده کونفه
170,7ead2673-90a6-4abf-a7ce-c14351eb6bcc,هتل پرشین پلازا
171,221e41af-1118-4e37-8a40-799032f9e797,پیزاریوم
172,6769ded6-9211-4f5a-a5a0-a48f457302ab,آژمان لانژ
173,354abbdb-4388-465c-b36b-a2388dc168be,کافه بازی گیک
174,749f1b73-f155-4dc8-83f0-a563903c5906,بوردیکا
175,1a661eca-833b-4a55-af98-269571664cce,اوریانت
176,3375f731-2959-4039-852e-ae32da59df97,سیب 360 (عباس آباد)
177,94f1a9ef-10c0-441f-9078-0dfd63f00b58,چ
178,8abad105-3abf-4124-976e-bd5ed629a921,هارمونی
179,58ebbfb2-a507-45a2-8df8-53001ea7e142,کرگدن
180,5e27a54f-a1b0-482a-bc11-a2e4208c027d,رنگ
181,f3f3aff2-483c-4f47-84ba-0843a08cb4dc,پیتزا پیشخوان
182,a0a10cf2-ee0f-41d9-9b12-9437898e47e4,خانه بستنی سی دا 
183,23b84906-2786-42e1-9c82-a8decda157a0,دربار
184,f41c6395-64e6-4a6d-bafe-372e6a5039aa,دربار
185,1f396fed-e1d5-42e6-ac28-effaf4325a54,فیشرآباد
186,fe8293ab-1dd7-4a29-8395-f6233666a6e0,دایس
187,34ae9ddf-ae6b-47b5-bb02-8e9f90070dba,عمارت گود
188,d615b97d-3d73-44b0-b953-0a81c83c72d0,فردیس (سوئیس سابق)
189,740d71c7-262b-4598-92c5-3ae9c65dcb22,هتل اسکان
190,c82489c7-6012-49bf-ab40-217dabb8e7a4,تاپس
191,4ba5e1d9-0b89-4809-b9a1-eb3867b17c86,دفینه
192,f46dfcd6-8259-49a8-a82f-6b3634b585a9,هاب
193,77580e31-989e-472b-aa54-4ae45dfd707a,طباخی کریمخان
194,8c266a4b-dec8-4f1e-9734-c977a9ac8024,پارسی
195,0444adcb-ecc2-44cd-8a51-9c7b4c89b951,رافائل
196,f6a80fff-0612-40db-a98e-3306d93a23da,بان
197,179974b9-f410-460c-b4b7-f9abb443dbe2,چاپاتی
198,b93d2b80-c2bb-e7b3-318c-bdf73830e3d7,آرارات
199,ac0d291e-8179-43fc-b81a-f66b0b9269f8,مری
200,19227cec-5c3f-440b-8511-0bc6afcac49c,شادی 
201,a5a89a7e-f411-4028-8f46-17f0894b3631,کد
202,2538f636-f308-46f9-a996-478ab92e9497,وال
203,e0b44003-e2e9-44b6-bfcf-e85a8f05cdbc,هریک
204,22a7b58d-b9ae-4043-a224-8f12b151e288,اغذیه مقدم (شعبه 1)
205,6af16ad1-ecfb-4ac3-8bb2-3fff0f511083,کاریزنو
206,55471047-307f-439e-ae10-88c1555be5bc,شب های لاله زار
207,67ba7926-e3f9-4f02-b6cc-b53305a104de,ابن سینا
208,5cd2d453-69d6-4c79-ba25-d00f0fe5785b,نشاط
209,0febe9bd-51d4-4afe-afe5-6efb5b01bdbd,یاما
210,09a83135-98af-46ca-ad0c-a17810158761,نصف جهان (انقلاب)
211,94cfe4a8-70cd-44fc-9608-bb8a68813de3,بالا
212,5a63fe2f-66b5-46f7-a471-445bb8fa7549,روژانو
213,e94d72e8-718d-4ff6-aae9-6170a578c8e1,حیاط شماره 65
214,cc6c1c4b-c61f-475a-ab4b-b6ae60f04ad0,لوزان
215,d7d57d2b-1d5d-4be9-ba20-627a1fc3f2aa,این
216,fb150cc7-ba80-4eec-9c38-2c21753a8698,آر بی برگر
217,8ac6efa7-6929-49d3-9a80-093ad32ecebd,اینجا
218,46bf5663-38dd-4e93-8b31-5143b465ba41,بیگ بوی
219,b0e612d0-4060-4ea4-ba39-f11755f7853f,بیژن
220,6347dc1b-5873-4242-b602-55ed8a1f7569,گرین بین
221,182a1dd9-19e0-4987-b613-072ad6cf0eb8,گعده
222,ca32de0e-3a37-48f2-baf0-c955d6663bdf,الیستا
223,83299924-b68e-42f2-8da7-56451e04c368,اوژن
224,c696bbbe-b416-4738-a529-c46d2fe3608e,پیتزا رضا
225,e9258adf-0b0f-4979-9ddc-1b724bdb29d7,سروژ
226,95166e6e-77e5-41c8-bd22-f9ea32c842f4,چلوگ
227,277d3d11-fe4b-4307-a6e0-3a73eeda0a0a,دییر فکتوری
228,0ebe526e-8413-493c-b238-1eb6d4031aa6,کاما
229,a28d2ff1-5593-44e4-91cf-4a53aedefdd5,ژیرا
230,75403e15-a835-53f5-2cba-d41450210a2b,عروس لبنان
231,dedaf1f6-0ffc-4322-a237-bc1ce9d5e78f,تاشه آلمانی
232,7388f5c4-7695-47c3-9496-0918b706a4a6,توراکو
233,aed81256-cc95-4a59-a566-756c8c833ec9,کافه قنادی لرد 
234,d5a10b9d-0f37-42c1-a812-d2642bc900cb,عروس لبنان
235,a8ee47d6-c6b1-42e2-9706-12e42ad36e83,مان زا
236,bc9940a7-6722-40ce-907d-0ad373843cf0,زند (کریمخان)
237,c60713fa-5095-434c-b9df-8c7e4fa9c2f0,اِران
238,9a853c77-4834-4d6a-9f1f-172545ef13da,پیتزا سورن
239,143fe73f-524a-44ca-ab7e-2bca9757834b,کباب سرای اندیشه
240,48ac31de-abb4-496e-8df4-ad784bf715bd,ث
241,c50452be-1612-4490-a592-d5e014026961,طلایی
242,e2cf1a2b-df8c-4667-a449-ba5599a05e51,مینیون
243,2303b7dc-8c0e-461e-88c6-821e6e636a7a,طلایی
244,46f91ffe-eb98-2ca8-d979-5d7dddf27a95,زرچ
245,ff5e6feb-68bf-41b1-b9aa-ebacd85124bd,ریشه
246,d3036612-8ba5-49a4-9655-90f75acff4fb,تلما
247,84a43082-ef5b-4053-9a6d-a2749f5ee55f,کارفه
248,66bd67d9-af5a-4343-8ba1-53b511fa6708,3 تی (کریمخان)
249,f43c499f-f0b8-488f-9a9f-3d6d5bf438ff,دانمارکی(ویلا)
250,868e5751-d874-4a9d-bb2c-8660ec5c8455,کیوب برگر
251,f16001bf-f016-4385-9801-6214b87ccee9,آنسو
252,0cccd307-bda6-440d-be47-b090224c5859,مدرن (میرزای شیرازی)
253,ba9bea89-f1ce-429c-b929-1869bdb93305,دیزی سرای طهران تهران
254,49d736d9-3a43-4d85-89d8-907a14cebe6d,فرد توکلی
255,528bda0e-6e71-41e3-8431-4b715d65c2dd,شانیا
256,714eb93e-4b2b-4388-a0dd-8fb6c25863e8,قاطی پلو
257,29134147-a6b2-4620-824c-14fa429ce171,طباخی کلپچ
258,0a39ea8f-1b33-454a-bb73-914a43c80a56,باور
259,6bcb8c4b-fd3c-4a86-994c-2b62387112ac,بیسترو پاپ
260,75b57577-3550-4dec-874b-443be96fdd36,بابربرگر(فردوسی)
261,18ca49a1-ffce-46c4-bc5f-886a49fda216,خانه پاپریکا
262,0cbb495e-26df-4173-8056-3e483e938de4,هانس
263,1e95aa88-e955-4460-984c-22a8c0b1c995,گودو یاس
264,d2225f4f-ec52-4ca2-9895-bda1ad7f4678,بوفه کتاب مکتب تهران
265,a3550fa4-efd1-4ccd-a7d2-5a24f23c4cff,آبتین
266,6777a659-b267-45ec-8147-dcced0bc3879,فیلم کلاسیک
267,a01e5a8f-eeb6-47cc-935d-9dc19ff53bc4,ویونا(دریای نور)
268,655e55f5-b7b9-4edd-b78d-e9d72ec13ac4,کافه وصال
269,257724a3-7c53-5413-d82e-2c4d5850d820,لئون 1960 (آبان جنوبی)
270,51567245-efe2-49f4-8514-310400302d41,ناتور
271,29a49855-aa66-4109-8ac4-bf6fcd06a59e,دیسفان
272,d9885f23-ad24-4c20-915f-cc9e2a52f761,نخلک
273,f94722d9-df07-4ba8-907d-034d6c844658,خوچمچه (مطهری)
274,5c59a726-8a49-4966-a085-2f7af0c4075f,ترک دنر (مطهری)
275,54b41a43-5e29-5d6a-3fa4-64210901ee76,نایب آبان
276,81cd4abd-e17e-4ce9-9412-cb14e561a394,سماق
277,1aa6f71b-6f15-4bb2-bc28-68237caf3559,یازده قدیم
278,4bf95a4a-1ab0-4f2a-ad1c-208260ec6151,تیلیت 
279,85a2ca3f-a7c1-4b9a-839b-2e56833f3a0f,دیزی سرای قصر
280,ac12c0ea-0222-41ec-bb15-d0419f5fa421,دایمند
281,40accdaf-a282-4f7d-9ff1-c2f1c9faf1dd,بیت بیسترو
282,936a0479-5497-45b0-ab75-8bd763bbeb4e,دلنوازان (سهروردی)
283,1c3983f0-af6f-4808-859b-581781cd02f2,پیتزا علاالدین (فودکورت علاالدین)
284,c9f0210c-c73a-47ef-8d81-c94b88d46323,کلبه
285,32fd6561-f1b3-49cf-9bea-15b1e9add002,باوان
286,4d851433-6a20-4b60-ba29-6d7867286353,آموره
287,f6281e1a-cee7-4c97-b14f-11aef31a2324,شید
288,12222664-98dc-4676-9102-70e901c4276a,خوش بین(حسن رشتی)
289,b5d36467-c352-4ac5-bda2-a62964226bb7,شبهای لارستان
290,18d041b0-86b9-4cc1-b537-4f169e9f60f1,بهار
291,99a781bc-2eae-45fc-b05c-6b9664fd8400,اینجا برگر
292,b96001ff-c9c9-911b-eb06-7386afa6afdc,البرز
293,8eb3a932-31e0-4105-b72f-a201f7bbf093,منصور
294,0ee71d15-d9a3-4275-bb92-db610cc8c961,بیسکاتی
295,58e7f7c2-09d9-42f8-9133-1dea7f3bceae,سلام پیتزا
296,e5ae0425-13d8-49e2-a5d8-f5cde6b1339b,روحی (باغ نگارستان)
297,42c712c6-515a-432e-8360-992181275fd0,روحی
298,6f9993f5-a5fe-41d9-97df-8173c648493d,آروما (بهشتی)
299,cffc21fc-bf46-4db0-81a8-663f618f8b7c,شاوور (معلم)
300,9ea1232d-ae53-42d5-b02d-12c9a0334ffb,رز برگر (حشمتیه)
301,60b972b5-739f-4747-a378-a7ca3e02cf3a,آگر
302,d2c224f8-52a0-4113-a38a-2f3c0410ee50,امیرگریل
303,728805fe-5f18-47f4-bca3-3ee001e9d960,لاوان
304,bbb4202f-c6d2-44c8-b470-251297b29f39,خانه سرهنگ
305,2869a396-91e7-4df6-856a-33c5e16b97c8,امیر انفجار (طالقانی)
306,3b9af92d-58ff-4db0-9166-ad80f626e5d9,ایوان (لاله زار)
307,b6793087-1688-427a-94e5-4c2f06fe03e1,کاست
308,a2012f93-9fed-47a2-8802-0b191e2543d4,کوتاه قامتان
309,1c91834f-8b49-47fa-a0e0-120c4036c799,خانه 1307
310,e0fcadc4-02b2-47b0-bc00-d1da66ffc7ec,چیمنی (وزرا)
311,e058abb8-eeb2-422e-afc5-ed07b08b51a3,چمینی پلاس
312,59a0fe2c-b1b9-41da-9e0d-343816a0b498,پاک
313,65e31c59-4f5e-4965-8e3a-6a38b01e9a9a,بوریتو
314,34b32465-cc1e-dfad-eb34-55c2872e68b9,توژی برگر
315,4ca68766-3973-485b-8d83-49d62dc91c58,تینا
316,4237a254-bc6f-4a66-89ba-198a1f8d0376,بازیل
317,2f219124-d40e-4d9d-8edb-7edc55a8e25d,نوین
318,399b318f-88ed-4feb-90dc-7a72a031e89e,فم شیک
319,39cb4320-7d1a-47c3-a3ad-dbbabd6f639b,شوخ (سهروردی)
320,8c796029-626e-4c3a-b736-ed5f10177aa0,آنوبانی
321,e77c6255-451b-4120-bea6-250eaa0c16dc,تهرون کندوان
322,85ecf194-3c42-4bd9-8979-f2838b5017ea,پیتزا هایت (آپادانا)
323,53b7625d-eb02-499a-84f4-f28f87ffa47f,نارون (انقلاب)
324,999dfe1e-a6f5-4b5b-95af-f09931743a43,سپه سالار 
325,22e33585-f72d-45cd-858d-85a1412716dd,ژوزک (سهروردی)
326,a4d93998-9d83-4739-87a6-4d9c6b901f54,پرپروک (آپادانا)
327,f684c407-f3ca-43fc-bac8-9536117a0330,املت و دیزی سرای علی
328,ef623365-03cf-4c92-992e-1359be5145c4,تله پیتزا (نیلوفر)
329,5cc9c261-603d-41a1-bef0-f356ea620007,غولی
330,4d3ededd-67e1-4a51-9ca3-352d5cfc2a85,تز برگر
331,43b3203e-6d74-49be-a1e1-7b6c9bc729d0,ستراس
332,8c5ad137-43a9-4a16-8f8a-a6f848ee5ab2,دیزی سرای ولیعصر
333,c09027ba-62f2-4d50-8cc3-128a631d99f8,دلژین
334,1f5e9374-3b9a-4e5b-8da9-e6269dc6e05c,خوان (آپادانا)
335,f3914df8-4d16-4208-8a0b-71ba3ec8e0f5,غذاکده طوس
336,4431e973-885d-4f6d-9291-7b73ce047698,فلفل قرمز
337,ab746e92-5cf2-4343-9332-abd164708224,روبن
338,656174ce-12bd-40b2-a7f7-defa3f49e16e,غزل (سهروردی)
339,b292f219-62be-49f5-a187-f16dab949bda,باهاس
340,a185bd11-e1d4-4791-b09e-26720c339430,گرپ
341,44628ccb-bb1b-4ceb-92e8-4abf1d4be56b,پیتزا هات (سهروردی)
342,516eeb31-b630-495f-b0bf-97caf35ee181,آرارات 
343,4955183f-bfbe-453e-8e4c-db96a017c1b4,هایت برگر
344,3c590149-9451-4770-9237-bb0a82ef2ac1,تاچارا
345,0b96e716-80b2-47a3-b76d-308c7fdd3081,بامزی (ساعی)
346,44ddfc10-1783-4353-8c2d-db2134076290,ساندویچ ویژه امین
347,d610d4b4-886d-46bf-9385-6eebc837ab35,خیابون
348,7a305fce-dee4-454c-acac-ddaaf840f44f,بی اسم
349,fc88650a-574b-6229-71d4-e5918f2f19da,ساندویچ فریدون
350,a49f87ea-bfd4-4043-b127-407cfa7cb952,امیرشکلات (تیراژه)
351,3ea8f374-aec7-4774-9755-6bc5daa2dbbc,هانی مطهری
352,f7203d1d-dbb2-43a0-9f36-76fa6537a500,رستوران چینی
353,38247bd9-e5e6-d6f2-f250-0422d91e6779,هایدا(مطهری)
354,3dd22401-b1c8-477b-9e39-10f04c171601,روجا
355,f8d28ff1-1e28-4db6-a7fc-0106352e9352,اسنیک
356,666050c5-e42b-4cb2-b902-3d61a8c946b4,بازارچه
357,ffb8d962-036e-47c7-9077-b844762c95a5,سیتکا
358,ad5a12f9-d689-40fc-b44b-df9cd5289690,ابتدا
359,f77a642c-7e58-4a53-a33c-15c07f5e08c2,میثم
360,ae12160f-bc05-43cf-a7b2-a06ddf4eef81,نام (ولی عصر)
361,ec294e63-0ae5-8e4e-ad66-e2664a74b3c2,شیلا (ولیعصر1)
362,ac1650e2-e525-4942-b9c3-a14eceed1006,کسری (ولیعصر)
363,f08b370b-ba6b-4d21-854a-ce27b63ffe59,بخارست
364,f22bd5d8-6fec-461d-9b65-ecbecb2174a0,تهران مرغ سوخاری (آتلانتیک)
365,6348e5b8-4edd-4619-a4c5-fa0441ccf3fc,بمب و مین
366,50cf0f19-5c2b-4ccd-9d27-1c97aba7edd1,چنار
367,3a0dbcf0-b2f7-4494-8440-a3b8cfcfb250,الیزه (جمهوری)
368,33b83bf6-10a0-7edb-b426-c6bd39df1984,آواچی (آپادانا)
369,364325f3-b6d5-47b7-b407-6942e84a5a21,دوپیو
370,1f56f460-cabc-4ca1-aa4e-c5dfb6c90fbd,کام
371,dbf61759-b237-4081-9a2d-8d37fc92fb19,سین کافه (خیابان نیلوفر)
372,c768514f-686c-45c1-a544-1e39b717c9fc,امیر
373,1b1fac49-14e1-4ca1-b7dd-e46c94828638,سین (کالج)
374,8f277244-748c-4db3-aa45-48e551faf7b8,کافه مارکت
375,55c13abe-9d59-41e8-97f1-ab81be4637fa,روتا لانژ
376,83f93319-dc39-4fae-9270-91984b42a1fe,شیلا(میدان ولیعصر)
377,d7c407ce-3646-4599-ab0b-2c1f71f2ae93,ناتلی (سهروردی)
378,bfae0a30-dc40-58e2-db0e-14947f4a39a8,نایب سهروردی
379,463fa6cf-9664-4a4e-a1b3-07c445ca6d3d,عمارت یار
380,7466da6b-0f06-46f3-9c38-6137701297dd,تک سین (نیلوفر)
381,a04ad696-b0fd-4e7e-bb13-ee01644bf88a,کافه قنادی ناتلی 
382,39fdf899-9504-40b8-8f53-93963468051b,عمارت امیر سلطان
383,36fc760b-2a44-4900-ab9c-f4f23a157b11,ساهی
384,6111e6c3-1d6b-4b6c-b47c-b800ccc16e3a,ویوا کافه
385,09b0aaf7-ddf1-4902-a77d-5f0627db5c86,اُ اینو(نیلوفر)
386,d2af371d-ca71-4082-a910-4ab0b5f3a8a8,طهران تهران
387,f21805fe-dc93-4979-bb29-3ccc62f45ed7,چیکن فامیلی (نیلوفر)
388,f55bc100-46de-4e53-bafc-a7adff03e3ea,وزرا 40 
389,29526e31-dc21-41cd-8516-f5a2afd4879e,مرکزی
390,d1b767ed-f9ee-4952-9658-81612fe3c458,بیانکو (نیلوفر)
391,d957c49e-bb40-491f-a09e-ff20f4de3c68,رد کافی
392,81ad5224-2479-4220-b528-d0014c999ef3,ویونا (سهروردی)
393,b87b07fa-db63-484e-ad51-36d15fea2a09,ملو
394,15e004f8-0425-4c6d-baf4-edb659727cf8,امیر
395,c280b998-8fdd-4cd8-bfee-e0a33b5c1917, بهاران (جمهوری)
396,7cdc58d7-bfe0-4296-9c74-f2df5ca48ccc,خانه کباب اپادانا
397,c53a8485-ae0a-b5d5-a29f-6aaa9793522d,هایدا(کشاورز)
398,c74d38df-c951-4619-a379-1d9c8f94b1d6,بابا علی
399,1f50fa4c-bf52-4eeb-baac-c4e041511136,سودا (ولیعصر)
400,70f7c5c5-d655-4cb6-9297-6fc73a1b21dc,کلانا (فیروزه)
401,7b2f4293-174a-4936-bac4-db0c4a517118,سسنیک
402,90696868-c4dd-406d-8c25-9722aca8fad8,سودا (میدان ولیعصر)
403,0d3494a0-e550-48ce-a537-804dcf41990f,فیلیپر
404,37f782df-37cb-4812-ce53-1ef379342bac,مستان
405,432342a6-ff1f-4437-8f4e-76b95a896a4e,طباخی افق
406,51d9c5b3-1997-4778-b19c-9e2492233d0c,فلوره
407,57660bbd-b501-4124-8209-df881a2596f8,فروغ (انقلاب)
408,b01a389e-92cc-4af5-abf3-5ffeb776c2f5,منصور آبشار
409,92e0ae53-3e70-44f1-8f55-08bd1ab033c2,دیار
410,6de0f442-7942-4eea-addb-c0289a532946,آن
411,e1c924f6-d7eb-40d3-ba9b-f4c081bdd71e,آن (میدان ولیعصر)
412,d6a63735-94be-4713-ae7b-a2e48aa14b5d,خونه البرز
413,3bba8727-b02a-ec49-5ad9-974d7e7510d2,کباب سرای منصور
414,bacb6608-4ea7-44cc-95f7-13048b754302,نون
415,58a9c392-14bc-4a55-9117-a07a716992a0,آقای کباب خانم جوجه
416,1e9df766-8910-44f3-b8e9-8880de998017,قیمه دات کام (فلسطین)
417,f29d5127-5b5b-4a8d-89a3-2a573716e29d,برگر سیزده
418,a160be91-f100-4f9a-a240-a6c4b41ff701,اکبر جوجه 
419,bc5ec04b-03f7-442f-992a-2476c9b612fc,سنتی اصفهان
420,02bac615-3574-4419-a897-493a464d92b2,شقایق
421,aed9bc5a-6460-4374-897e-cf0b033126ae,دانته
422,ca618e68-61cb-43d2-a6f8-f215d8feb1f5,کافه نان پریماه
423,7cceb1db-bf3f-4214-b28b-4f0d11d8be32,مسچی
424,4bcf8b75-7b45-4062-ba1d-07640befa775,افست
425,959595fd-d623-4b82-93fb-ff68eb41a808,کشتی سندباد (هتل پارسا)
426,8c55609d-d0f3-4bd3-9d5f-9b2144d6de3a,میخوش (سهروردی)
427,7434d631-7532-4609-8460-896f24d877e4,شهریار
428,6c664bd5-e714-140c-cea0-c1a930d656d6,اروند کنار
429,4b12bc08-9b36-44e4-bfec-a1cbecacb7a0,اغذیه خانگی لوتوس
430,3f95e37a-e5a5-480e-8715-e9f386fcff61,رز وود
431,65a027c2-8422-1461-6309-5fa0f1e005c7,نایب وزرا
432,d9ed5c98-7544-4809-b475-1ee2c8127443,ساندویچ یگانه
433,bd4e6fd2-7f16-4928-b6f8-ef8558322b61,ملانژ
434,2cdddf33-4773-42f7-97a0-03d8c0ffeba0,شیلا (پالیزی)
435,9db185c4-79d4-4e3e-bcdc-d22cd3f1ef8a,بلامونیکا
436,31448728-63ef-47eb-b497-733b10d6cf62,کافه نادری
437,f966cb66-66e9-431e-9045-faf78edec488,رضا لقمه (سهروردی)
438,9e7daf51-db91-4504-aadb-710fa0674a6c,لمیز(میدان فاطمی)
439,afb63ae8-bd33-41db-a706-a4c9c34995dd,مروارید (ولیعصر)
440,308cfb57-0147-f79e-cf3b-cbdc31664707,ژوزف (نیلوفر)
441,1821dca6-61f6-6b9a-5000-00d42c63de28,هایت
442,fe6e9445-8435-4e85-b068-f5a3d76b4077,آق بانو
443,67522cf6-fc16-44f1-8106-c80238f38454,پالیزی
444,d9481183-7ae2-466f-aa8c-92be030fc328,پل آرت
445,13b17313-3a0f-46e1-bc0b-02d6190da1c9,مهاراجه
446,9f725e32-bc00-4cf6-956c-9b0145f55064,راشا
447,8fef63c6-e85c-4873-ae73-87431a8613b6,طهران لقمه
448,ca583774-db45-4920-a17b-7941acefe743,شارونا
449,77e34ff2-a1a8-4174-8db3-61d2031451de,جهان فود
450,430d936c-6c6b-473e-af94-df6f851ef9fd,سیزده
451,b265c9d8-a355-aabc-745f-985e39c26b3f,رضا لقمه (جمهوری)
452,22761312-3fa4-44bb-899b-2d504219eb9b,هوم برگر(یوسف آباد)
453,d2e39ebc-3807-4037-aa0e-32ddad2f6e26,دونر گاردن (سهروردی)
454,0d1f2d29-67cd-4566-8b49-cdce8ca01587,هات چاکلت نیلوفر
455,691ad86c-d38f-40a0-813a-8eed06908cff,زبان کلامستان
456,682a5188-c88f-4f5f-9aee-73b9b1b0a1c6,فلافل هفت چنار(فاطمی)
457,c4d6710b-3e94-8fbb-751b-1e01f968af54,کبابی گلپایگانی
458,314aa0e5-62c8-4baa-8a17-82caa5346e48,آهون
459,b1ce7091-ee44-4ca7-8108-dc7ce316208a,پیراشکی خسروی
460,2bbbb46b-f99f-4355-be4b-2f23add1bbc6,عطاویچ (بلوار کشاورز)
461,882f86fe-c13f-f94d-9467-2817097fdf88,هتل سیمرغ
462,858be30c-29d0-4c2d-b357-6350725bdcbf,باکارا (ولیعصر)
463,29fc28d6-bc6b-4fcb-9609-670891cf43d0,مکث (سهروردی)
464,857bdb55-cfb5-4b65-87f7-32bac7503fdd,عمارت نظامیه
465,de184921-30da-48e8-a0d5-65ba77275ca2,بوتیک هتل نظامیه
466,853ce30a-a611-4762-8a44-a905947770e0,زیما (یوسف آباد)
467,531c7989-c5de-40f1-b236-a038697c9cb3,پگاه
468,d9567728-9e52-401c-b0c8-cc8279d10ecd,تاکرز برگر
469,094fa24d-aea0-43e6-a40b-f0adfd299394,سامیا
470,3458e861-ea99-4b8b-8764-e6a02b7aa0e8,سیرو
471,daef9998-907a-45f4-84da-ddedb90f86cc,تلما (ولیعصر)
472,6c2bba50-8e54-4873-a740-2664911f1b35,سارا
473,30b3bc58-fcfd-4aac-8152-fd1f80dba2db,بن ژور
474,8745f267-a67e-4237-ac98-c2eccf6cb4e0,کامک (یوسف آباد)
475,d02cb3f4-d987-465c-9ff8-20cec2844e82,لاپیدوس (هتل رودکی)
476,259a55c9-ea6e-47ff-87fc-61a1bd198ed3,گل بانو
477,f3979077-6f82-4cf7-8165-0e783044c382,کلانا (طالقانی)
478,82323582-0842-4473-aa79-fb939d25658f,زنان کوچک
479,0ff3e09c-ff75-4907-aee7-abcbb9997ea3,بن کافی
480,4f0216f8-b741-4d23-9b12-5a54fc2d88f5,مارکوف
481,739b6946-e05c-409e-8d7c-0ac1a8848a9e,کافه گالری رودکی
482,7d47fbc2-4eb2-4370-a29d-7ac9149846bd,دیزی سرای علی بابا
483,d8cfbf81-6ce1-4064-a672-ee1fbbcd868a,تو تنور
484,3a706877-36b3-447b-812d-88a9403cb711,هیچ 
485,1b9c0466-9a36-e562-3dc0-86d3070d73c0,نایب ساعی
486,7396f7a7-07de-4529-9db2-3e9de860477a,نخلستان
487,17e496ed-ec5b-4bb5-9c60-7450d20967d6,خروج
488,15d609ab-f18d-41d5-8f45-ecf6a0735875,کباب سرای حاج امیر گلپایگانی
489,433034a7-b952-46f4-9fd6-6c3fa8ead563,بهارک( دسرک)
490,02ea4412-3572-28a2-3a02-d1ab63fc8b24,کنج
491,db78cf04-8392-44b8-9bc6-6dd757ec22bc,هات داگ خوران (ولیعصر)
492,97e94cee-3845-46b7-a821-95e9fb9e7767,رهاس 
493,04c27897-2072-46d0-b391-858ffd90cb90,هتریک
494,813067d4-58ae-49ab-9c78-8aadf628a6e7,بیستانگو
495,d18127ad-b45a-4f81-b053-3d9d136e7dfa,ری را
496,9a14488b-30cd-4041-8f69-211177846c70,کنج
497,7a46c520-ee65-4829-9736-2aede1a2411f,اُ اینو (ولیعصر)
498,5c7ab980-1000-4aa1-a85f-0cdb6805656e,بوتیک هتل حنا
499,384319eb-c8cb-4f75-8390-fe7886a60ead,پاندورا
500,ae0f513f-7bd1-4ba3-825a-0a3fe59fdb80,بامیکا (آرژانتین)
501,f3ba8ffa-e542-4f20-b0cb-105f9ea7e8f2,لو پارک
502,fbb01c2b-7ee3-4c2f-a0fa-fe541d4e6094,پلاک (فلسطین)
503,5cc6aa51-50c8-4707-b83c-3ff39b0e2232,رباعی
504,d29ca1b9-8801-41c3-9f5f-b02f9c37e78c,کانسپت
505,d8de46ce-1e04-4672-a5b6-f005d9a84edf,باماهاس(سی تیر)
506,bc002bf6-3235-43b3-bb4b-ffa81ebc75cf,کافه ژین
507,3de4c172-51f1-4e32-b40a-7d2230d1ed77,دربار (یوسف آباد)
508,dc6dd739-49a5-4d62-b9ef-d07948f3a891,پیتزا داوود
509,c298e008-afa5-4f76-9797-e3874c140a0c,نان جم
510,338bff5c-8754-4185-9a7b-4a2689b43e6f,نشاط
511,051d7595-1d86-45bd-bacc-2fac2935a6f7,گل رضاییه
512,cfce5099-0676-4ccf-9ce3-7a0a60c842d5,جوجه طلایی
513,213d7be7-144f-468e-baeb-487ffe64141a,زیما فود
514,3ba59503-2a3a-eac5-8199-8e16e6b1953f,شونیز
515,4d307198-5cb6-4937-a10c-5128306b1728,حیات هزار افسان
516,68b53728-a4a7-472b-89b4-1908db569722,ذغالی برگر پارک
517,213f4770-f1c4-4cfd-b556-f0ca4cebd0f0,دریم
518,d0851e7a-f65c-46bb-a823-50cbd1d94579,تام (میدان شهدا)
519,5effe28e-8a35-4909-8196-35bbe667198d,شاطر عباس (سعدی)
520,f4c3a2cd-1a05-437f-9ad6-a04151554cf7,کافه خانه سبو 
521,df164c54-7f0c-49e2-8ced-050d3ae81aa3,مظفر
522,96398384-0251-46f1-8342-a7978de6aa8b,بیست و چهار
523,8daaae90-db41-4912-a731-ee45d34c4bbc,عمارت روبرو
524,cfd6f7f8-bb7c-7b3e-985a-4400f2bc0790,پارک
525,75e0fce7-5c87-4125-98d9-7b0d1e1c0aaa,مارکت
526,03fd2dff-da5d-4eae-a31e-91d2ff288ae0,کافه کوچه
527,c09af237-ef7d-41f8-9d2e-b9dd970d61b0,ضیافت ایرانی
528,d94f121f-d456-4d10-87f9-f41d4ee3eb53,بستنی شاد ( چهار راه ولیعصر)
529,bb5276c6-989f-4df5-a0eb-e1f7a1bed2f4,چیتر چیکن (چارسو)
530,24da8d20-476d-4f4e-9475-a12cc4e15f93,لایت
531,14d855e3-7817-4a38-beff-2f8ca310f094,حلیم حاج علی معنوی و پسران (شعبه 1)
532,9b62e77c-ed8d-463b-94f1-260caf3c74aa,آفریقا
533,8d8a9b40-2a93-4f04-bbd3-0c2064ada54f,پروفسور
534,04bc1be7-9400-4e41-b5b1-380f45a710c4,کارمادو
535,8aa51fe4-11a6-49fc-97a2-9a4ed7a76a1b,دی نایت
536,70535c8c-f4b0-4b17-a5bb-25bcdefa7497,ایران ایتالیا (ولی عصر)
537,5296f606-b4c5-4d64-bbf4-5d08681591ef,کبابی حاج عبدالله (بهارستان)
538,91fc1840-2ae9-435a-980c-09db09e6b717,آرت گریل
539,50705b3e-ad95-4bcb-b455-40148ba6ee57,قهوه خانه گلها
540,65b6e564-eea6-4290-9bdf-8d3018597725,سفالی (انقلاب)
541,7c63e549-0052-4983-95e0-730d41fd66bd,گردو
542,c1de6561-dea6-4df0-bca4-b977c04fd29f,لمیز(ولیعصر)
543,13091e71-48f1-4627-b276-6b56e0a2eacc,اغذیه حلال (ایران)
544,0940a5f1-bef8-4f53-ade1-315cc12d84f8,آتیکا
545,e99d3eae-4121-410e-bc0b-772a560af485,لته باز
546,f7baf716-767e-4100-8b7c-4158f19bcc92,تله پیتزا (چهارراه ولیعصر)
547,a1558678-5708-4c47-852f-f27d0337e5b8,خوشه 
548,478d39ce-3810-95db-bf0d-2933593e0a09,حاج محسن
549,8f4860f4-9c6f-4b59-9d13-8aa7ae93c78c,سوژین
550,1facf09e-cb0e-4096-b1e4-e1fecfd38f45,مدیترانه (هتل اسپیناس)
551,d39ddc4c-0211-429c-989b-52bebbe72648,گالری عمارت دل
552,c53183c0-27fb-4925-893b-a5e64c49399a,خانه فاموری
553,fca75a19-fda2-4b2f-8ed1-76859218d4c2,خانه فاموری
554,95352966-0f87-4145-a2c9-1ff72e822675,امیر انفجار (شریعتی)
555,e1baaee4-ce79-4e36-b671-a55bcc65d543,سودا (هتل آتانا)
556,5db51aa6-b8d2-4523-8dde-df7de74df5ee,نگین (هتل آتانا)
557,82bdf398-8702-40ea-b8c6-49733b89b5a7,آندورا
558,10fbafe9-f464-406d-814b-28bac332be1f,قهوه خیابان ایتالیا (پیانسا)
559,f00ab52c-b57f-45cc-b869-752309b78b21,کلنل
560,5e9942fc-11d4-48f8-a3da-96543bdb5826,جاست فرش
561,c014bc4a-8453-9190-e5b8-3094bd3f68d3,بوفالو
562,86a6508e-c6ff-4211-b631-36f835b9f256,قوام
563,039ae99f-eb1c-4053-a828-456756421bc4,خانه اطلسی
564,a435f9b5-db9d-4b30-baf0-e62d52ab634c,چوگان
565,13ee8196-0c4e-4dc6-aa3c-6032ceefd079,گامبی (آرژانتین)
566,e1baaa3d-55e4-49cd-a301-384e58c87a93,راگو
567,ddad7442-2674-47d6-a654-36218a8c57d5,علی کنتیا
568,00dbf16d-1748-4ee5-a37c-47a52ce59805,گالری هورا
569,1e5c497b-eb53-4b23-875a-1ced0ff1c6f1,طباخی راک
570,4ce9ce4b-deba-4ca4-9a6b-1e0e7cebc993,تئاتر
571,a7fba803-4dfc-4942-accb-355855b31013,چورک
572,18184dc4-d8d3-40bb-93b6-d36aed21c21b,شین
573,bf248563-8ee6-46ce-9b68-0a325c0953b1,عمارت اطلسی
574,a1f19509-895b-427d-882e-e63fdc063b7b,میخوش (یوسف آباد)
575,61cc3aad-8601-449b-9803-8f6adaad4fff,شهرزاد
576,ae9f2d13-e0f2-449b-98c4-6dbb1edb4bea,ورنوس
577,401f78a5-3109-495a-a1e8-b1f9fec0c830,آریو (پیروزی)
578,e6878378-4854-48ad-9c85-012617ed2926,ارکیده (میدان آرژانتین)
579,7a9965f5-72bf-4ea5-b82d-1dd3d5b4be75,مزعفر (فاطمی)
580,78015c66-a01b-47a9-9f59-88fa8d305184,تخت جمشید (سیدخندان)
581,e939c0ad-a462-401f-8f14-8d22fdca177c,تئاتر شهرزاد
582,c638517b-ec77-4d1a-84c8-bfaa54492b2c,چای کنار
583,2abedf34-4954-4ee5-b8d3-d7d613ad8d85,سیب 360 (چهارراه ولیعصر)
584,b936eeb5-3fcf-4aac-a160-04f78c817f50,ها (ولیعصر)
585,e7562a54-5de5-476c-b57d-8468b9068efa,ویست موزیک
586,e78954b5-42aa-4733-a4e8-429e127fcfdc,سلفی
587,7558c334-1051-54cc-0a54-49deeb919ca9,سفره خانه هتل فردوسی
588,669f8cdc-c27c-4195-ba34-70a132b3e65f,کافه جز
589,85a33998-ab57-430b-a619-f1838e3c3064,بامزی (سیدخندان)
590,abb6c0b0-81ea-4587-b65a-c00b2bb90ce4,ذهن
591,8f7de588-8fba-4b7c-a543-98f5c1fca008,ویکافه (فلسطین)
592,0f392d75-9818-492f-9e14-3ed14fcba058,پرسه
593,30ea2416-fd34-4e0e-9e7d-2c84096aea4c,موسیوخندان
594,3959b6aa-9e64-4b4a-bf5c-c324244fe83d,جرس
595,47e75eb7-e54e-46e6-ba05-805b8a46cb2a,کترینگ تهران پخت (وزراء)
596,04fe9de4-aea6-4e07-acec-c5439fce3c61,پای لند
597,fb7eb7fd-2463-4eb7-a1d0-92ff7d735653,گیو
598,b04b1263-3f48-4cbb-b894-5f39d8b61584,تیته
599,e197d438-f095-4752-8a91-fb08bcf63179,جگرسرای 110
600,6586f9ad-476d-4b49-b1fb-a3a0a0bfbe31,ژورین
601,42be6a1b-6ade-42ad-ab91-2f6d38334083,پاتوق (سید خندان)
602,3b111ab5-48b5-4dbb-953f-c5702236e0e3,هفت چشمه
603,d473df4c-47aa-48c5-ab71-3ef197f3a5ba,آلسو
604,b1ac3775-7a55-485a-8139-f5ae03ebd7c5,کافه رستوران ویس
605,e4ba5fa0-0340-4782-b5e2-dccdd80d3a6b,بامداد
606,d255cddf-a932-4321-83c0-1088a9f80839,مورف
607,426ef43b-21a5-463b-a41e-ca634ad9ac09,غذای سنتی سالم
608,bfd0c864-1165-4cd1-9df2-f7ed728a054d,اتاق
609,8475521e-4236-497e-b600-0e92515bdbf7,پیاز و جعفری
610,86c1c176-3515-4dc8-b6f8-63979c44cbb4,دو زرده
611,1d5ccb63-f9f6-4b73-b776-9bf9819958a6,مسینه
612,9d8c5faa-aba5-46f5-9208-ac6f2b5bafa3,عمارت دیباچه
613,5e8c781a-3708-4295-809d-8d705f069b93,خانه کابل
614,fbf281a8-45b1-44f0-9fca-de34f71b4561,پشت بوم (بلوار کشاورز)
615,fa72251a-699d-4d8b-a77c-ca5511a84f39,دیوکس
616,4d30fe35-7e83-45c6-9cc5-718c44202c06,کاخ (فلسطین)
617,c82b0c2e-4c9b-4714-a1f3-e55fa8545b9d,جوان (هفده شهریور)
618,89540cd6-d9d4-4d4d-b800-263a0749fabc,چلوکباب جوان
619,8b9f4bf7-2db3-4656-a13f-3282d342d22f,پوپک
620,47bd462c-94c8-1ab4-38d9-0848d2cfbab3,ممتاز
621,d9d7c3b3-3eda-4454-9a04-40cd51a6c23d,لورکا
622,3cd65832-323b-41f0-973e-174b9a3a39ec,کنز برگر
623,03ffbbee-eefc-4500-a67a-32b8f47dd964,خانه دوست کجاست
624,6dd07682-1e95-427d-86f3-7993648a20a2,عمارت پلاک 85
625,b032d98e-d4ee-43af-a759-51761432d2e9,فلسفه
626,5df2bf98-ae0a-4b4d-9fc9-f6b585618f55,انگرام
627,fb98d76c-1523-4fcd-a57a-4c32c294bcf0,بیترسوییت
628,37a3bf31-0e5c-4a53-aac9-68e707af2fd4,عمارت پلاک 85
629,23ae51cb-de96-477b-8943-adb2364ff9a7,سه ضلعی 
630,2670cf11-2142-00c6-0713-f5ace4b61df0,شیلا(ساعی)
631,86ee2aa6-1c75-4fba-a7e2-7d0c389a377c,بهار
632,58cab2eb-0eb5-4f34-8c48-56bdcc122572,سکوی نه وسه چهارم
633,bce1e928-7d8b-4120-b025-40a56c58c68f,پانیذ
634,994cc03a-fe38-48fd-a5a5-26c878202657,تاریخ
635,d3097694-5fed-4a51-ae5a-31e91b8458aa,سرزمین سوخاری (الوند)
636,41b3bcb1-be1d-4613-9dd9-65417c614a8e,ولیمه
637,30d77d1a-d394-4113-9eca-e86686c59aed,توحید
638,498ee1ab-ddd7-4a29-88d6-de06a1d21209,الوا 
639,b47148e9-7250-4f06-972c-7078a4b0eff6,لعبت
640,9b3cfa3f-b209-4691-96d7-1d59cb6b3aca,تهران مرغ سوخاری (تخت جمشید)
641,2db635a9-c2ff-4093-b333-32ce2426e05e, تهران مرغ سوخاری (ساعی)
642,27c1e8b9-a3ae-4fb7-95b8-b80b44d9e227,فلسفه
643,3a06269a-583d-46b6-9716-0cab02d65423,سیب 360 (پیروزی)
644,0c6b119d-ff28-40a0-8c74-b4aea9b5605c,عالیس
645,2154b928-3ed6-4194-a2ff-f923878e0749,موزه گربه  ایرانی
646,1db3e68c-4924-4fd9-b328-981402a85a82,ماهور
647,77995a94-98c0-4d67-9c12-7a68daddf6bf,بابل
648,510641fb-ac9e-e7ef-3d00-4d2fc073a8f2,چشمک
649,02a14070-6dd5-4071-86e7-59079fc8ac24,پنگوئن (کشاورز)
650,0d57090d-4e3a-48ae-8bf6-69825689f428,عصر جدید
651,4ff657a2-24bf-4ef1-b025-8a5377f9048f,سورنا
652,c92fa2d6-695b-4c2c-9e2e-d8579add959f,مکروم (پیروزی)
653,966e8323-d7cd-44ed-ae90-fb0fc548f4e1,هم وی برگر
654,9d3bfd2e-5119-40c7-ae67-721db4bc9d47,یادگاری
655,588cf9d9-8b50-45d3-8c15-f8faebbc6b23,فرانسه
656,2e6a175b-0357-465f-9ab0-685a77e05e72,کتاب ققنوس
657,e696124a-5c4b-4ca3-8d05-fb00c5859f35,عمارت حور
658,69cc2a73-7df5-4866-b98c-640ba8c872f4,باربیکیو امیران
659,d8846ff0-857f-4d5f-ac8e-d5d3a3134c44,تله پیتزا (پیروزی)
660,d41e6a17-252e-4788-a982-6bc2a51dc9d7,نقش وصال
661,683f9024-f651-4545-9b56-77698d70640d,بی بی(یوسف آباد)
662,e5e17f64-39fc-4f1a-b585-cbff4886fcd4,پارلان
663,ea3f2cd8-1773-4536-ac4e-85f341c63821,کیک استدیو ورتا
664,64663d7f-0a08-401e-addb-f67af3a1fb35,فلافل فاطمی
665,f8960037-6f11-93c3-f858-4d48da042f1f,شیلا (حجاب)
666,08376871-eaa4-b109-b2d7-a86aaf0d3a27,مدبر
667,7939be9d-d0a0-4e71-bbc0-6eec83ca74db,چاکوچ (یوسف آباد)
668,be4fa5c6-69b7-4ea7-8077-044d4e554e8c,عرفان
669,2614f4c4-b887-450d-b440-fef4da73a26d,سورینو
670,d6de6ace-9c84-4062-bd8d-4c92a054be24,زیتون
671,9320e2e6-12af-48b2-9d59-6c74dc8685ab,سیب 360 (مجیدیه)
672,e209a00d-1557-4787-a08d-9776d08e51e8,گالریا
673,6f8e7242-69d3-418b-9607-41e595fc6efd,ساعی (شعبه ولیعصر)
674,cf96a24c-4c30-4ec5-9256-d66900f837ea,فرهنگ و هنر مانا
675,ee69f8ba-4b15-43e8-97d8-9644eaabf0d2,ضیافت
676,796539e1-b157-4d6e-9da2-85f199842f6e,هنر
677,f9a9a30b-9e54-4f9a-a17a-6444d8ad5f48,صدف
678,90355bae-2e15-4eba-9802-e4789295645c,سیب 360 (جهان آرا)
679,c4dd49ed-e0ee-4821-ab65-eacc58110513,صدف(ولیعصر)
680,91184340-d1a1-4132-a064-17cfa036e305,آبادان سیتی
681,b17a8629-1d05-47b6-8273-c9ac20629541,باکلاواچی
682,ae87cd16-2444-4137-9753-b5e4561333ca,گاردریل
683,8da488f0-7d9c-46d5-89ff-749c764f7828,مستر پاتوالیا
684,e9251638-e03f-4503-856a-ea5bede56869,گلدون
685,feb03c02-7a48-4994-840d-43b5535b37ea,ژابیز لانژ
686,3f96b42c-e86e-4371-a156-84e1c501688e,هتل ورزش
687,83708990-3914-42bd-b8f7-4c94be020fa5,ژابیزز لانژ (ولیعصر)
688,d9004149-76f6-4952-b0cf-159d07cd5f2d,کاسه کباب اردبیل (ساعی)
689,0ebbc8da-096f-4a6c-b9a7-ecb73cbcf772,کلاسیک تونی
690,69da07a9-dfb3-b137-b5ae-0ed886af3984,الوند
691,f0676623-fe65-4b12-82f0-c10afd7b6729,ویش
692,0238d48f-4234-4a9d-93fc-79f1a0d63d77,باغ شازده
693,ac6d4762-f2a2-46e7-aa38-9596928ac8c8,کاج
694,2e3e2a86-4d09-43c9-88ab-c0322d24e95b,تواضع
695,8811e424-ef12-46bb-a722-dd0c4636a96b,سیکا
696,4dc7e833-9f2b-4f51-9165-ac8075cb3733,خانه پنیر پرچک
697,d121f376-5849-4181-aaa0-fbc9f8239885,توماتو
698,bb653310-6a03-4bfc-a951-747979ead63a,مرسی
699,d5c82d1a-03e8-4686-b8a0-211108473879,بورکا
700,65069643-a513-4e8b-b5bc-a99cdb1efbd4,طباخی کاج (پیروزی)
701,599895f6-d3ff-4795-8070-a4c5392f4d63,پدر سالار
702,eb2ae928-d1a1-44b7-bd6c-473cace4f873,کتیبه
703,ee626294-8583-42a0-b975-e2d34afbe2bc,غذا سرای شیراز (خواجه عبدالله)
704,68afc61e-5c11-4d87-aefc-1415ce898c68,مهرگان
705,bdf8e741-ba2a-46f5-9a74-790ed3a5e798,زی
706,b9e5b251-0e7d-40d7-be5f-8badefb2239c,وزیری
707,04763427-a493-4dda-a65b-2ca6dbc71fd0,سایا
708,c0273003-c636-4d75-8698-1ed96135ee40,آبشار
709,6d385fbe-65b1-4de2-ad50-8a6be763edc4,کیوسک برگر (شریعتی)
710,ed2363f5-3e20-469c-8b05-3b312e73f059,خانه میرا
711,4d5dede5-c54d-4989-933b-7220ac8f771d,صور
712,e848268c-8cb4-4628-a650-fb3e37a122cb,کورن داگ پلاس
713,4fd1a51f-15e2-437d-b722-04cc2963f707,فکر (دانشگاه)
714,bec94721-9e3d-42df-9272-14bda1f0421e, مادر
715,34351287-dcd9-4851-8e37-2de25955f430,شار لانژ
716,1360e196-f8eb-446d-ac55-337bc5dd9852,مضراب
717,f000204c-2057-49f1-ae64-1853e24df9ae,کافه اسکان الوند(شار)
718,ff070332-9fe9-498f-b038-293000401877,هاکوپ برگر (خواجه عبدالله)
719,5115aaff-e1eb-436d-af0c-9811e7534ddb,پیتکو (خواجه عبدالله)
720,91b93e61-c840-403c-bee9-9a71ee6985a4,دانوب
721,6e591554-425d-491e-ac52-4e58923a88d4,کتاب دارالخلافه
722,def4936a-d51c-470a-bb92-0abb76948ed8,بولوار 126
723,548114cd-1067-4cf9-8fb4-ded70899b983,کباب سرای آیدا
724,603222a7-e18e-45fb-81de-6eef9b7403a9,مائده
725,0471f87b-b6b7-4c0e-ba36-c4d961a4c381,پیتزا فرشته
726,ee8ac486-0135-46ca-96cf-7fa12992d869,هات داگ رسیس
727,42fe71b1-9960-48e5-827c-959c47e33642,خانه پهلوان رزاز
728,fd23fd13-9abf-4118-8462-fcfe543a1a0e,کولاک
729,98ccda92-3348-4d99-afaa-e20aeae654a8,ویس لند
730,ae6f3d34-8a5a-494f-86dd-20db5e146c3d,برد گیم
731,a9d0c41d-2ff4-49fb-8223-7b0ba0d40a68,پازل
732,d2b9ef61-bb17-4276-8471-5f365147c8ae,فخیمی
733,a0f980fd-6bd7-4255-a9e2-78eac35ff9b4,نشین
734,99605f36-3e60-4349-a886-8efca09e6d14,مُ
735,00eaa917-5304-4c58-b18f-f0c799b278ee,گدار
736,0097ef8a-8dbd-42aa-b1ef-94a3079b4842,پارک تهران
737,ecd17aa0-91f1-4155-b238-2a76676542be,کلندی جلاتو
738,fbc933fc-83af-4c94-bb43-b304d19695e2,کبابی بهارفضلی
739,95528d59-b5b3-41a3-bbf7-783cabcf601f,کافه قنادی سینامون
740,924107ad-81b5-4249-a34d-d912662e102e,سفره خانه عقیق
741,ee571c2a-938e-4a61-809f-43f0ccc8d807,هتل آپارتمان وزرا
742,8d1e6a1a-7342-41b7-80c7-7f481b3a7051,دو هشت
743,412d4f30-4efa-4ba7-bbb0-19b9beba962c,شفیعی
744,ea2b7d67-523a-4d70-9ddd-b9cab537d085,قاقالی لی خوشه
745,ac05c924-f19b-4936-9267-82535114c8e7,محسن
746,c45cb9c7-6b4d-4753-9ea3-0805a10083f8,روبیک
747,2a3030f4-e363-4ccd-a333-558698035db0,عمارت شمس
748,eb689d82-ea33-49f8-9623-e2846bea0a23,سنگلج
749,c0b1e1e1-2b40-4e83-95c1-a0cd4cd03ea9,میرزا قاسم خان
750,2075bc86-032c-81b0-3cb0-92344aa1c414,در ب در
751,1eccd44b-977e-4f03-a055-7f42972011e4,هترا
752,a700b0e1-257a-4a59-8fdb-e054e7cb10de,سام فود
753,a2fd67db-d931-462d-9039-e456b342372f,قهوه سنتو
754,c4a8c5f8-e007-414f-a82e-e796da518faa,آی من
755,ed54e868-1954-4aed-998a-97bfa69ac99d,پنسو
756,303879ef-6ef4-448c-9017-133c0438a4b8,پنجره
757,cecea323-cb38-4371-8d8b-ed4392041965,فرد جوان (انقلاب)
758,c2408d5e-2bf9-4dca-9fca-5d01912361de,م ُ پیتزا
759,212d4868-e118-4e44-b9ed-b8bee7787bd1,خانه بریان
760,0bdd1583-0cc2-4d02-880e-5fb36d5b4420,کلبه فدک
761,15988843-cf1f-4e68-b57d-a489ba514b9b,کتاب رنگی
762,3d9051f0-c05f-4441-9f31-ca94de037b72,بامی نو (باغ کتاب)
763,dcb392bc-07c1-479e-bef0-9bf885d29edc,زوفا
764,03d2c158-f4f6-4d8a-b650-33c9bed45b94,بوتیک شیرینی تارتین
765,f23d51e5-e81c-4772-b25d-c30ec60903af,ایستگاه (لاله)
766,9f978313-bb8c-40fa-b176-5c658b84b724,باغ موزه مقدم
767,c48d3888-96c9-4867-8a3b-d4a4c2e765be,طهرون قدیم (دیزی تیمچه اکبریان)
768,688d6414-8355-4997-9304-a1a1f8491e6d,ماسیس
769,e7196e34-7c2e-4536-8159-9c90bf9a4662,کباب سرای حاج حسین مروی
770,c8cea683-f82d-43a5-9096-620cd675af89,رویای شیرین
771,f44c3fbe-7ad5-4c61-88dd-217e8722a58f,سوره مهر
772,d6288088-fe8a-47c1-a195-9016aafca497,پیراشکی بهمن
773,2c4e727d-7b06-40e0-8c29-5515a599d241,ژوست
774,e7b4b4b7-bc23-450d-9553-8eaa67880fb8,هانی بال
775,67c33369-4daf-4427-8782-a8b8a3887ec0,مایا
776,0fb11cf5-6879-4a61-8839-d90532fb6864,لوکس تبریز
777,3803c958-23a7-48b8-8821-4a733666a451,فلافل مروی (بازار)
778,1996f1e8-9857-45f7-b549-c118b57f945c,مینگو
779,d40944c2-764a-484a-8d6b-0433a3137a9f,پیتکو (پیروزی)
780,df975970-b2bf-4e19-b07f-2a0f60d26fb3,جشنواره
781,ca3c1a13-eca7-458e-b761-d5404ebd9879,هات(کارگرشمالی)
782,5ba5792c-7076-4260-bbd0-09e0876b0da6,سعدی
783,960621a9-650f-4d03-8900-54a6ffed5910,کلانا
784,8b79cbe9-d3c0-4559-8139-412e97b6d368,نارا
785,e2f04941-c438-4ec3-ac90-54436bf3da12,عمارت لاله
786,3e71df37-3dfd-46f9-a094-2514838004e0,گلدون (انقلاب)
787,dfc2a744-e216-4268-871e-395ba90eb026,ژیگان
788,0b166b58-1c6b-4014-8038-db681b7c3431,سیلک
789,38ccfd7f-ba5c-4ae6-aec0-1422ff2cea77,شبستری
790,d0af7cc6-bfcf-4b47-b752-1a2342d7f544,سه گاه
791,8e9a4024-9179-4cd9-8bb4-f67beffee0d5,برگر لند پلاس (پیروزی)
792,b4a83c60-11de-48cb-9ca2-e4decb362481,شیراز برگر
793,64a201c1-bc01-4ce3-bd03-3f291131553a,موازی
794,990670d1-0091-441c-a58d-8d7bbcf203fa,تمشک
795,12690f94-859a-4542-9b0a-fc9de089f217,سرزمین سوخاری (پیروزی)
796,c23a6252-b145-457d-b0bf-3b496f93df1f,سفره گالری گوهرانه
797,e5fcf86f-0bd3-4161-9da2-3275fcfdb3c6,صفائیه (جمهوری)
798,6c7b982e-778d-4f3e-aa34-994000bfafac,خلیج فارس
799,11a3d561-22f8-4128-ace8-5b6b2417414d,مامان زری
800,3799109f-f836-4e2f-84df-79a184e06484,نصرت
801,473d0a2d-d882-4c4e-8db1-14ac393d2c57,مارون
802,28f93dcb-8a3a-4684-9b80-7cc73e85e93d,باروژ(یوسف اباد)
803,987fd24a-adf0-4ca4-b873-95fdc6a60899,قهوه خانه آذربایجان
804,5b81d269-3d96-4622-847e-c7b3402a62af,اغذیه گراس
805,df155567-5dca-47e0-88f2-c6ab06b386fc, آلما
806,e7e2e127-1d1e-4129-b77d-68442414c914,فلافل مروی (انقلاب)
807,7dced39d-3dc6-4456-9b47-f65ea3b57b51,دالون دراز
808,5d35f35d-e9b5-4098-9a49-3aab9f2c42c9,جیگر بلا
809,e745e946-d2c9-4ec7-abab-f9eaca648f85,ملس
810,5114c24e-0191-45cb-a971-4827445aeedc,جیلیز ویلیز (پیروزی)
811,ce3713b7-8967-4d2b-950f-b4ba1f143734,خشت بهشت
812,a60ead60-e187-43bc-bf3e-4f1df8db633a,ژاندارک
813,60d309dc-ba55-4a8f-ad13-cbc81d8238a9,لمیز (انقلاب)
814,97e2c880-33b6-4d70-8b6c-f711d54cfe12,کیوسک برگر (باغ کتاب تهران)
815,b6712d93-37d3-4d66-b85e-655f99d3f4f2,ارکیده (امیرآباد)
816,23d79d0a-0c66-48e1-a10a-17261bf63dc2,بچه محل
817,e097715b-3e42-4c7f-9130-0bbe2c5586d5,کافه و رستوران هتل اورین
818,c34593a5-d114-4813-8cd3-b71e6a5f4b0d,جگرکی ماسوله
819,c06a8db6-a96e-4122-86fd-fa73a3ac3504,شیلا (انقلاب)
820,7217f14f-b587-43ac-9d7e-69682c660d3d,گریل 17(شیخ بهایی)
821,8e091ed4-480e-4292-99e4-cedc23b01038,ساندویچ خانواده
822,9c7b36b1-02bb-4c1b-b964-7dfed3271a49,چاکوچ (پیروزی)
823,e6a12315-75e4-41d0-b177-cb87153175e0,گوهرانه 
824,0821326e-42cf-4839-b68b-4ae39e01c347,گاردینو
825,6b45da9a-7ea8-4bfd-bcb2-6a96b6a917d6,پاستور
826,298ce0b4-72c7-420d-b73b-fcec322671e5,فلافل بیروت (نارمک)
827,324dbeaf-aad9-49da-86eb-68a9919b40ad,کبابی بهار
828,2412f723-2459-448e-bb01-8d631a5a7a87,مستر بولکی (گاندی)
829,be12a10e-7978-4b42-bf8c-df4538a15306,هایلار
830,e3c35808-546c-412d-95a6-3565c708a20a,مزه (توانیر)
831,2a398373-8117-469d-9598-f575aadbdb47,مادر
832,e48affd1-4809-4a09-9df8-416b63d5ac35,دو فرانس
833,c5f953ac-6319-4d93-baee-8ad99e4500a7,گل یخ (پیروزی)
834,a4cd7956-cac8-42ba-a62c-41fc469598ae,هارمونی (گاندی)
835,f362cf70-bbe8-4fde-8c94-eda2360b00ad,مستر استیک
836,1f96579e-3332-04dd-ab4d-6f23742029b8,پلاک (گاندی)
837,fb61ecf7-dabd-43b9-a816-f0f73145e4bf,کلاویه
838,9a0c8c7e-08d5-46b6-9334-a2e3fdbe82c3,هات داگ مسعود (پیروزی)
839,2672c9f2-ed9c-4fdc-a99c-5c60a658e992,آیس پک
840,bf55fb6f-f095-435e-8911-398e0600b9d7,میرا
841,0ed658dd-61f8-9451-44b6-f727f85659a9,هایدا(انقلاب)
842,83126624-d7c4-4848-818f-2ccda15bde20,رضا
843,20adf3ba-1fc7-47e1-9ef1-08687947125b,قیمه نثار قزوین
844,6f35832e-c9fa-4e0d-93eb-94db34fb3445,چلوکبابی ذبیحی
845,22a5d8a4-5f7d-408f-a2a9-ba3dd7b88226,رفتاری(انقلاب) 
846,709c5f31-8dcd-44e8-ae24-8f074323febf,پیانو (پیروزی)
847,5971dacc-ce8c-487f-97a9-a8910f4a01b8,سرزمین سوخاری (بازار)
848,07890f2f-5409-483e-8468-fb4a9b3c3e89,بستنی رضا
849,8efce25b-ae45-4748-b40f-40e8398ac625,کباب سرای اصیل گلپایگانی
850,1035677b-a001-4800-a3a2-e0b137f5b766,بستنی رضا (نارمک)
851,8bdfbc51-ab68-48ee-bdd3-6f2837b117ad,مسلم 
852,251190b9-9659-4017-87a0-568be1e2481f,هات (پیروزی)
853,f43ee474-2097-443c-8c4b-d1f83014b81b,قلب سفید (پیروزی)
854,b7fe06bf-e980-4ef7-b509-d6b87a09538e,نانبرسان
855,cd980a61-5f78-4604-8e95-48a2258063fd,بزرگ خاندان
856,7c1e9d62-f9e4-41c9-8155-d17d9280ea17,ایران برگر (بازار)
857,24040545-4eed-40ad-b9b3-1ef65152424a,اغذیه لوتوس
858,19d82ff2-2987-493b-a574-97ae3ffe74fd,اغذیه گلستان
859,46356013-dd69-46be-8689-66484d842adb,چلوکبابی شمشیری (بازار)
860,ab578f0e-3598-6023-a368-fbfc52ed585b,خانه کوچک
861,611f87bc-23bd-4aa9-8a23-6702cfdf68b6,ژیوان
862,15dde1f4-4930-4af3-8bc8-3239047436af,ژولی
863,40049368-6c2c-4a06-90b9-93037e15327d,چیلای برگر
864,db7b17ad-07f9-4f14-acbf-42010f00d258,هیوا (یوسف آباد)
865,fc8e977b-e4bb-4ba4-9491-2c7d4eae167b,دوگا برگر (فودلند ملل)
866,69ab5a53-2e8e-4654-a22b-af7392d9556b,امیر انفجار
867,f5d788cd-272f-4ae4-aaee-f4e4796a6258,مفصل
868,2be37f60-e06d-4737-a229-1cee01e40233,چلوکبابی حاج مرشد
869,ba8471ed-ef07-4192-a86a-ad9ed7b11b03,کارنال
870,f206b57c-ec9c-4a1e-93a5-780241097d53,آش کده صبحهای گلوبندک
871,b8f89321-e2a7-46df-81c5-75bb27da3b2f,ارسی (بازار)
872,1bb6b196-6ca5-4ec0-89ee-9abb94c1ec2c,آوانی
873,b38a55ab-9751-494e-bdc4-abfef74893de,شرف الاسلامی
874,a61379d5-2f38-49e4-9fb3-bf1713f0e8bd,عمارت تاریخی ملک
875,9feca21d-ac2e-48c6-8e6e-451f8947e355,ایزار
876,5d0a8ced-a346-4250-b93d-6521e7a8a59b,میان
877,090634d0-9421-4263-96af-bb0a4b23d909,طلا
878,36aaa0c0-84b3-478f-ac16-d61b11fe6483,دیلیمو
879,58fe655a-6551-4b9b-8c5e-6ade33bb6396,کرپ (راه چوبی)
880,27538178-9411-4b05-b075-afa6a944622c,لقمه طلایی
881,4cfa9f54-933b-40a7-abad-fd8499b9ce39,شقایق
882,2c226d0c-d77f-402d-b1db-dfd74b0a8cb5,یامی باکس
883,ea66453c-123f-4c82-81ab-ecfe2bccfa1d,مرغ بال
884,c5571681-3ee7-4125-a1c6-9446b5a133e0,تواضع
885,e6119375-731a-403e-adb4-6b1eb55a90fc,گلستان
886,f9d2a742-de44-4812-a5a4-3ea49f60109a,چلوکبابی سیب سرخ
887,0e46c1bb-0519-47e7-b426-e7776cba736b,آش نیکوصفت
888,1a9b5d0f-a573-40d4-a367-07ccadfa5b27,لیز
889,86f717f2-9753-f1fc-9d3a-8400b3a0b0a2,پاستا فکتوری
890,f8d6608c-2b1a-4617-8a31-f98f34f51c68,سعید
891,19a36a91-3432-46cf-b3c7-338381aaccc6,ژیوان
892,2e149a59-9df4-4e28-9b69-3c1becadb840,بهدونه
893,701bb32d-4e98-4bf1-b7f7-7926a933f686,ترنج (جمال زاده)
894,bb2a6630-c2f0-4e5f-9230-ec8d4610a5d0,سپنج
895,17aeb7ec-7bc7-41ca-99e6-3e0377d5b33b,یزدی
896,de8cf4da-7722-4cee-90dc-57b7eaa695f8,سوییت بار
897,af0fb8f8-3fd8-49d2-af4d-f7b7244eeaf2,تهیه غذای فرد بانو
898,943f9c51-de6b-48c4-952d-7ebb9541bb15,چاکوچ (نارمک)
899,7eda3ed0-a505-4ebd-ae69-20b3270e96d6,لبنانی روشه (گاندی)
900,333e3f87-2c96-4392-a1c1-4d948cce6487,طبیعت VIP
901,bca7b738-9f94-4e2c-8072-1ce4a5b45a7e,طباخی کاج (رسالت)
902,6bdb044c-8af0-4343-a3a8-bb753a0b86d0,سیب 360 (کارگر)
903,9ee1ff57-918c-4d11-a7a8-3b1662649665,عود
904,572621b0-e78d-4d31-ba99-7ca72a7cd761,هات داگ مسعود (یوسف آباد)
905,f836c496-79df-4ac2-80d5-ee44577ff08a,حاج محمود
906,f3af1300-ad5f-4a35-a7a5-0b5c6adfe50b,خوان باشی
907,831f5bc0-7382-435c-870f-203b08564d86,خان باشی
908,ba99465a-dc8b-459a-a16b-76b6742c3459,واسابی 
909,e9aea5e6-21cd-447a-9f75-519944ccc3e1,ساساری
910,f8b9b886-f664-492a-af33-074f7b0e1094,گراس
911,04d6b506-8abf-468a-b63a-085c69c9a902,سینت
912,e573560d-81ff-4f1a-b3c1-4aba373d3539,شایسته
913,77881955-28f9-4d4b-a05d-6bbc31c716a4,کیک استودیوسارا (Asp)
914,4bcf454b-c2da-44e3-9ae6-c0688f185c68,دوناتو (آ.اس.پ)
915,bbcfe9a8-c3a2-4bce-bcd9-f6264af183a7,سام استریت (ASP)
916,350c6ea4-6d39-426f-8af0-3693700d03f0,استودیو کیک سارا
917,3d3b494c-240a-4514-9ed8-f47dc6df5e99,پارلو
918,0a73f158-adbf-4e10-a61c-12e8ae483ff6,مجموعه گردشگری باغ نارنج
919,dcfbbb46-ea02-423d-9bb5-5a3fd0979f05,کلپچ خوب (شعبه1)
920,710eeabe-870b-4e9f-bd8f-02732dc8699e,مهتاب
921,1eb047af-4a14-4d97-b4ad-155215608114,مطبخ میزبان
922,f91a1c98-9975-4f79-9f18-fc74eac8c259,فرمو
923,7b1458b3-1029-4f9f-9e1b-15b750be9cbe,هیت
924,472d8eb4-e5a1-48cb-8d9a-9811a27fda9b,شوخ
925,22583884-d706-41be-8e48-ec855ab3c308,پاتوق (حسینیه ارشاد)
926,e017fe9f-acfe-496a-9807-af781207d077,چکاد
927,bd778eee-13c9-40b4-85bc-d13c7433f800,ته دیگ(آ اس پ)
928,27ada3e8-eb2e-4198-b021-73d321bcdc5b,لئون
929,39e48812-a3a9-472d-88a4-b564277c1ce0,تام (پیروزی)
930,f232a01d-83df-4c09-bcf6-1fc0754522c2,فرسکو
931,b2f24d53-a1fe-4fe2-8410-e056aa5d8098,زیتون (مجیدیه)
932,fb328bf4-0611-45c5-8875-bcedf08e447a,بابیلون بیسترو
933,7774798d-7d6a-4aaa-8dbd-bc98fa445032,پیور
934,6b18df4b-d806-4604-b632-9d242b553f4e,سرای ارغوان
935,530cde89-2e45-4c74-920c-359d4ec3ffd9,پنج دری
936,47ef16cf-0ef9-41e3-ad90-056bdc334717,مم مد استیک هاوس (ASP)
937,20fd4b08-2360-4cab-b712-8ad822898340,آلموند
938,009d7f08-c078-44aa-bfa8-ed477c6d0281,دیگ و دیگچه
939,74b37ee6-ff8a-4d0f-9d13-d75ce48996f3,یارد
940,4f9cc1ce-dd22-4f48-87bf-8edfa424b832,آکوآ (پیروزی)
941,f90c3766-faed-4d63-b514-e5cb709da9f7,آس
942,cb21a914-4731-49f4-8bf9-2003078331a4,ژرژ
943,60d259b1-8229-4b34-908a-77492abdd8b5,لِوی
944,f415839f-812d-47ca-aa2b-d812d8926560,لانجین (گاندی)
945,d788c733-0f5b-4964-8c0f-e24df79f0206,گالری رحیمیه
946,d7305215-fb65-4ae5-a911-f08fd87e8a60,ینر دونر
947,5e5c64d9-18e7-47b0-b18c-d9434dd269ee,پارسینا
948,c0a9cd68-2940-4a28-9571-c61bfe8e74ff,فرهاد
949,7be56bbe-4924-6f4d-d82d-cb8f14250c19,هتل نیلو
950,d54c04e7-38bf-4747-a586-c5bb93491c00,ریور
951,13254ece-92f7-4604-9cb0-ac73ab8fd842,چیاکو (پاسداران)
952,075181c1-90db-4bc5-8dad-a798fdaadd02,آش و حلیم سید مهدی (مجیدیه)
953,8a3b8079-53a9-46fa-aa8e-13a94f44b4da,کباب سرا وآشکده حاج رضا
954,42732667-4a16-46fc-99d4-587dea5111b7,چاکوچ (برج تهران)
955,21d6c293-f7a8-455d-ace6-e833b2eb98e8,احرار
956,910371ba-79e8-4a6b-83ca-f89a3643c761,سیب 360 (میرداماد)
957,31096fa0-1c15-4ac0-bc7f-5a46787bdc54,میهن
958,5724a6eb-6290-45d4-afae-4829433e6a95,علی بابا 
959,fe666dce-0f52-4188-9cc9-19be4f17a983,سریزو
960,a08749a8-05cd-ad77-63b5-11e71f6b4af5,خاتون (شریعتی)
961,94410438-2a59-495e-9265-dc381866e87e,75
962,c54ea442-bd9a-4158-a658-c86607413b03,دیبا (هتل کوروش)
963,f3816af4-130d-471a-ba12-6d228494ac56,میزگرد
964,6fefa28e-5a9b-41c8-a231-24cdffea9676,دیدار
965,baec1e61-d304-45b0-a534-6d581796c413,نوتلا لند
966,52a06e0d-de5f-4ab7-b121-72098f4d1ee8,هیزم
967,2f1a88f4-f7be-4a5a-95f1-fe51337aa5e2,داداشی (نارمک)
968,ca6ded8d-77fd-4a92-917b-3b250a5051f5,جهرمی
969,f2095c31-0f7a-4b69-ad80-cb97755b5873,کافه 75
970,8724fc44-b300-4147-bf49-0a1d5ba2ebe8,فست فود جزیره
971,71d9a2e9-1ae2-41f0-9a4d-213af04558e5,دراگون
972,ab6fb029-f341-41ff-b254-acc7899abf53,آبمیوه بستنی شاهو
973,f2ed3e17-eb80-4a4d-bb59-af0ca8582df2,حاج صادق
974,e24fffd0-7298-4601-804e-38adc2884369,سناتور
975,7a27d894-2df3-46d1-a540-0b91413632ee,میتو
976,ff323959-4cc8-498f-b44e-af554c3f936a,آشکده عبید زاکانی
977,049a8781-2e67-4f74-9382-17e87e1239d4,ت (شریعتی)
978,a241abfe-5b85-4d64-891e-b40f2385c5ea,صدف(میرداماد)
979,70639371-6f76-4f45-8067-7694f5595a31,لونا
980,72489c13-0969-449f-b8ce-869ff5af4595,کبابی حاج رضا گلپایگانی و پسران
981,853a64bc-1e38-40e7-bf3c-4edf104caa3e,جیلیز ویلیز (پنجم نیروی هوایی)
982,3bde347c-53c4-44f1-bd57-ebdc97b1a0b0,کاژه
983,9206a71d-435a-4d9f-b1f4-5de1b37f819a,عطاویچ (پاسداران)
984,e5b95713-b212-4f43-92f0-76885f6a2c36,پیتزا رضا
985,8a5f5929-0f16-44df-aeab-339baea06d41,بستنی شاد
986,86febe93-b74b-4c9d-bdfb-f87766d2cbd1,سونات
987,90b38930-692a-4dc5-8091-586ea3d82007,عمارت شاهکار
988,4ff428d1-35ab-426b-b3a3-373027ac451e,قصرموج
989,4cc45e4a-2c21-44a1-8f8b-387524023f00,آدانا
990,63532916-a30e-4a54-bc30-7e96bbc067ec,گالری فرش 
991,e81e310a-1183-9169-52a5-d964d5a434b9,سها
992,f224a4fd-a965-4b7a-bb34-5fffdc00cee5,بیژن(میرداماد)
993,a0ec0a7f-7f3e-491e-aeea-4b410a74e44f,ویونا پلاس
994,533dd8dd-7a74-40df-bff5-fad076b371dd,مافین
995,9c7d605d-ab3d-469b-a632-ca5de741267c,مک لی (نیروی هوایی)
996,b5ef698d-7df6-497a-9aec-d440c66d1be5,سوان
997,e8beef59-f29c-4517-8c3f-0da6de3ca9b7,کبابسرای گلپایگانی ستاره
998,9222e098-6343-4022-b5ff-92b05390403d,هانی
999,e5b06814-618e-4da2-b417-2bf7177c2611,میزبان
